{"cameraMode":{"drawMode":0,"name":"Shaded","section":"Shading Mode"},"sceneLighting":false,"audioPlay":false,"sceneViewState":{"m_AlwaysRefresh":false,"showFog":true,"showSkybox":false,"showFlares":true,"showImageEffects":true,"showParticleSystems":true,"showVisualEffectGraphs":true,"m_FxEnabled":true},"in2DMode":false,"pivot":{"x":216.60757446289063,"y":37.6741943359375,"z":119.71504211425781},"rotation":{"x":0.21374237537384034,"y":-0.011703179217875004,"z":0.0027929844800382854,"w":0.9769291281700134},"size":26.01555824279785,"orthographic":true}