{"cameraMode":{"drawMode":0,"name":"Shaded","section":"Shading Mode"},"sceneLighting":false,"audioPlay":false,"sceneViewState":{"m_AlwaysRefresh":false,"showFog":true,"showSkybox":false,"showFlares":true,"showImageEffects":true,"showParticleSystems":true,"showVisualEffectGraphs":true,"m_FxEnabled":true},"in2DMode":false,"pivot":{"x":-0.07867574691772461,"y":3.963505506515503,"z":4.4828338623046879},"rotation":{"x":0.1597299873828888,"y":-0.3718554675579071,"z":0.06502096354961395,"w":0.9122124314308167},"size":13.931012153625489,"orthographic":true}