{"cameraMode":{"drawMode":0,"name":"Shaded","section":"Shading Mode"},"sceneLighting":false,"audioPlay":false,"sceneViewState":{"m_AlwaysRefresh":false,"showFog":true,"showSkybox":false,"showFlares":true,"showImageEffects":true,"showParticleSystems":true,"showVisualEffectGraphs":true,"m_FxEnabled":true},"in2DMode":false,"pivot":{"x":2.384185791015625e-7,"y":-2.384185791015625e-7,"z":-0.0000021457672119140627},"rotation":{"x":-0.1150614395737648,"y":-0.0033177053555846216,"z":0.000451691506896168,"w":-0.9934184551239014},"size":3.9093353748321535,"orthographic":false}