{"cameraMode":{"drawMode":0,"name":"Shaded","section":"Shading Mode"},"sceneLighting":false,"audioPlay":false,"sceneViewState":{"m_AlwaysRefresh":false,"showFog":true,"showSkybox":false,"showFlares":true,"showImageEffects":true,"showParticleSystems":true,"showVisualEffectGraphs":true,"m_FxEnabled":true},"in2DMode":false,"pivot":{"x":115.61415100097656,"y":54.701011657714847,"z":24.940155029296876},"rotation":{"x":0.028621690347790719,"y":-0.3703460097312927,"z":0.01164046861231327,"w":0.9285131692886353},"size":152.1286163330078,"orthographic":true}